/*
Navicat MySQL Data Transfer

Source Server         : localhost_3306
Source Server Version : 50719
Source Host           : localhost:3306
Source Database       : pig

Target Server Type    : MYSQL
Target Server Version : 50719
File Encoding         : 65001

Date: 2017-12-05 16:29:44
*/

SET FOREIGN_KEY_CHECKS=0;

-- ----------------------------
-- Table structure for sys_dict
-- ----------------------------
DROP TABLE IF EXISTS `sys_dict`;
CREATE TABLE `sys_dict` (
  `id` int(64) NOT NULL AUTO_INCREMENT COMMENT '编号',
  `value` varchar(100) NOT NULL COMMENT '数据值',
  `label` varchar(100) NOT NULL COMMENT '标签名',
  `type` varchar(100) NOT NULL COMMENT '类型',
  `description` varchar(100) NOT NULL COMMENT '描述',
  `sort` decimal(10,0) NOT NULL COMMENT '排序（升序）',
  `create_time` timestamp NOT NULL DEFAULT CURRENT_TIMESTAMP ON UPDATE CURRENT_TIMESTAMP COMMENT '创建时间',
  `update_time` timestamp NOT NULL DEFAULT '0000-00-00 00:00:00' ON UPDATE CURRENT_TIMESTAMP COMMENT '更新时间',
  `remarks` varchar(255) DEFAULT NULL COMMENT '备注信息',
  `del_flag` char(1) NOT NULL DEFAULT '0' COMMENT '删除标记',
  PRIMARY KEY (`id`),
  KEY `sys_dict_value` (`value`),
  KEY `sys_dict_label` (`label`),
  KEY `sys_dict_del_flag` (`del_flag`)
) ENGINE=InnoDB AUTO_INCREMENT=3 DEFAULT CHARSET=utf8 COMMENT='字典表';

-- ----------------------------
-- Records of sys_dict
-- ----------------------------
INSERT INTO `sys_dict` VALUES ('1', 'A', 'A', 'lengleng', '测试标签', '0', '2017-11-19 22:29:39', '0000-00-00 00:00:00', null, '0');
INSERT INTO `sys_dict` VALUES ('2', 'B', 'B', 'lengleng', '测试标签', '1', '2017-11-19 22:52:23', '0000-00-00 00:00:00', null, '0');

-- ----------------------------
-- Table structure for sys_log
-- ----------------------------
DROP TABLE IF EXISTS `sys_log`;
CREATE TABLE `sys_log` (
  `id` int(64) NOT NULL AUTO_INCREMENT COMMENT '编号',
  `type` char(1) DEFAULT '1' COMMENT '日志类型',
  `title` varchar(255) DEFAULT '' COMMENT '日志标题',
  `create_by` varchar(64) DEFAULT NULL COMMENT '创建者',
  `create_time` datetime DEFAULT CURRENT_TIMESTAMP COMMENT '创建时间',
  `update_time` datetime DEFAULT NULL ON UPDATE CURRENT_TIMESTAMP COMMENT '更新时间',
  `remote_addr` varchar(255) DEFAULT NULL COMMENT '操作IP地址',
  `user_agent` varchar(255) DEFAULT NULL COMMENT '用户代理',
  `request_uri` varchar(255) DEFAULT NULL COMMENT '请求URI',
  `method` varchar(10) DEFAULT NULL COMMENT '操作方式',
  `params` text COMMENT '操作提交的数据',
  `time` mediumtext COMMENT '执行时间',
  `del_flag` char(1) DEFAULT '0' COMMENT '删除标记',
  PRIMARY KEY (`id`),
  KEY `sys_log_create_by` (`create_by`),
  KEY `sys_log_request_uri` (`request_uri`),
  KEY `sys_log_type` (`type`),
  KEY `sys_log_create_date` (`create_time`)
) ENGINE=InnoDB AUTO_INCREMENT=1394 DEFAULT CHARSET=utf8 COMMENT='日志表';

-- ----------------------------
-- Records of sys_log
-- ----------------------------

-- ----------------------------
-- Table structure for sys_menu
-- ----------------------------
DROP TABLE IF EXISTS `sys_menu`;
CREATE TABLE `sys_menu` (
  `menu_id` int(11) NOT NULL COMMENT '菜单ID',
  `name` varchar(32) NOT NULL COMMENT '菜单名称',
  `permission` varchar(32) DEFAULT NULL COMMENT '菜单权限标识',
  `path` varchar(128) DEFAULT NULL COMMENT '前端URL',
  `url` varchar(128) DEFAULT NULL COMMENT '请求链接',
  `method` varchar(32) DEFAULT NULL COMMENT '请求方法',
  `parent_id` int(11) DEFAULT NULL COMMENT '父菜单ID',
  `icon` varchar(32) DEFAULT NULL COMMENT '图标',
  `component` varchar(64) DEFAULT NULL COMMENT 'VUE页面',
  `sort` int(11) DEFAULT NULL COMMENT '排序值',
  `type` char(1) DEFAULT NULL COMMENT '菜单类型 （0菜单 1按钮）',
  `create_time` timestamp NULL DEFAULT CURRENT_TIMESTAMP COMMENT '创建时间',
  `update_time` timestamp NULL DEFAULT NULL ON UPDATE CURRENT_TIMESTAMP COMMENT '更新时间',
  `del_flag` char(1) DEFAULT '0' COMMENT '0--正常 1--删除',
  PRIMARY KEY (`menu_id`)
) ENGINE=InnoDB DEFAULT CHARSET=utf8 COMMENT='菜单权限表';

-- ----------------------------
-- Records of sys_menu
-- ----------------------------
INSERT INTO `sys_menu` VALUES ('1', '系统管理', null, '/admin', null, null, '-1', null, 'Layout', null, '0', '2017-11-07 20:56:00', '2017-11-14 14:26:03', '0');
INSERT INTO `sys_menu` VALUES ('2', '用户管理', null, 'user', null, null, '1', null, '_import(\'admin/user\')', null, '0', '2017-11-02 22:24:37', '2017-11-14 15:22:40', '0');
INSERT INTO `sys_menu` VALUES ('3', '菜单管理', null, 'menu', null, null, '1', null, '_import(\'admin/menu\')', null, '0', '2017-11-08 09:57:27', '2017-11-14 15:22:45', '0');
INSERT INTO `sys_menu` VALUES ('4', '角色管理', null, 'role', null, null, '1', null, '_import(\'admin/role\')', null, '0', '2017-11-08 10:13:37', '2017-11-14 15:22:51', '0');
INSERT INTO `sys_menu` VALUES ('5', '日志管理', null, 'log', null, null, '1', null, '_import(\'admin/log\')', null, '0', '2017-11-20 14:06:22', '2017-11-20 14:14:11', '0');
INSERT INTO `sys_menu` VALUES ('6', '字典管理', null, 'dict', null, null, '1', null, '_import(\'admin/dict\')', null, '0', '2017-11-29 11:30:52', '2017-11-29 11:31:15', '0');
INSERT INTO `sys_menu` VALUES ('21', '用户查看', '', null, '/admin/user/*', 'GET', '2', null, null, null, '1', '2017-11-07 20:58:05', '2017-11-28 17:33:19', '0');
INSERT INTO `sys_menu` VALUES ('22', '用户新增', 'sys_user_add', null, '/admin/user/*', 'POST', '2', null, null, null, '1', '2017-11-08 09:52:09', '2017-12-04 16:31:10', '0');
INSERT INTO `sys_menu` VALUES ('23', '用户修改', 'sys_user_upd', null, '/admin/user/*', 'PUT', '2', null, null, null, '1', '2017-11-08 09:52:48', '2017-12-04 16:31:15', '0');
INSERT INTO `sys_menu` VALUES ('24', '用户删除', 'sys_user_del', null, '/admin/user/*', 'DELETE', '2', null, null, null, '1', '2017-11-08 09:54:01', '2017-12-04 16:31:18', '0');
INSERT INTO `sys_menu` VALUES ('31', '菜单查看', null, null, '/admin/menu/**', 'GET', '3', null, null, null, '1', '2017-11-08 09:57:56', '2017-11-14 17:29:17', '0');
INSERT INTO `sys_menu` VALUES ('32', '菜单新增', null, null, '/admin/menu/*', 'POST', '3', null, null, null, '1', '2017-11-08 10:15:53', '2017-11-14 14:10:10', '0');
INSERT INTO `sys_menu` VALUES ('33', '菜单修改', null, null, '/admin/menu/*', 'PUT', '3', null, null, null, '1', '2017-11-08 10:16:23', '2017-11-14 14:10:08', '0');
INSERT INTO `sys_menu` VALUES ('34', '菜单删除', null, null, '/admin/menu/*', 'DELETE', '3', null, null, null, '1', '2017-11-08 10:16:43', '2017-11-14 14:10:07', '0');
INSERT INTO `sys_menu` VALUES ('41', '角色查看', null, null, '/admin/role/*', 'GET', '4', null, null, null, '1', '2017-11-08 10:14:01', '2017-11-14 14:10:05', '0');
INSERT INTO `sys_menu` VALUES ('42', '角色新增', null, null, '/admin/role/*', 'POST', '4', null, null, null, '1', '2017-11-08 10:14:18', '2017-11-14 14:10:03', '0');
INSERT INTO `sys_menu` VALUES ('43', '角色修改', null, null, '/admin/role/*', 'PUT', '4', null, null, null, '1', '2017-11-08 10:14:41', '2017-11-08 20:35:33', '0');
INSERT INTO `sys_menu` VALUES ('44', '角色删除', null, null, '/admin/role/*', 'DELETE', '4', null, null, null, '1', '2017-11-08 10:14:59', '2017-11-08 20:35:35', '0');
INSERT INTO `sys_menu` VALUES ('51', '日志查看', null, null, '/admin/log/*', 'GET', '5', null, null, null, '1', '2017-11-20 14:07:25', '2017-11-20 14:16:49', '0');
INSERT INTO `sys_menu` VALUES ('52', '日志删除', 'sys_log_del', null, '/admin/log/*', 'DELETE', '5', null, null, null, '1', '2017-11-20 20:37:37', '2017-11-28 17:36:52', '0');
INSERT INTO `sys_menu` VALUES ('61', '字典查看', null, null, '/admin/dict/**', 'GET', '6', null, null, null, '1', '2017-11-19 22:04:24', '2017-11-29 11:31:24', '0');
INSERT INTO `sys_menu` VALUES ('62', '字典删除', 'sys_dict_del', null, '/admin/dict/*', 'DELETE', '6', null, null, null, '1', '2017-11-29 11:30:11', '2017-11-29 11:30:36', '0');

-- ----------------------------
-- Table structure for sys_role
-- ----------------------------
DROP TABLE IF EXISTS `sys_role`;
CREATE TABLE `sys_role` (
  `role_id` int(11) NOT NULL AUTO_INCREMENT,
  `role_name` varchar(64) COLLATE utf8mb4_bin NOT NULL,
  `role_code` varchar(64) COLLATE utf8mb4_bin NOT NULL,
  `role_desc` varchar(255) COLLATE utf8mb4_bin DEFAULT NULL,
  `create_time` timestamp NOT NULL DEFAULT CURRENT_TIMESTAMP,
  `update_time` timestamp NULL DEFAULT NULL ON UPDATE CURRENT_TIMESTAMP,
  `del_flag` char(1) COLLATE utf8mb4_bin DEFAULT '0' COMMENT '删除标识（0-正常,1-删除）',
  PRIMARY KEY (`role_id`),
  UNIQUE KEY `role_idx1_role_code` (`role_code`)
) ENGINE=InnoDB AUTO_INCREMENT=9 DEFAULT CHARSET=utf8mb4 COLLATE=utf8mb4_bin;

-- ----------------------------
-- Records of sys_role
-- ----------------------------
INSERT INTO `sys_role` VALUES ('1', 'admin', 'admins', '多撒DSA', '2017-10-29 15:45:51', '2017-11-14 10:59:14', '0');
INSERT INTO `sys_role` VALUES ('2', 'user', 'user', '普通用户角色', '2017-11-06 22:02:21', '2017-11-21 20:21:54', '0');
INSERT INTO `sys_role` VALUES ('4', 'test', 'test', '测试角色！！！', '2017-11-06 22:03:54', '2017-11-21 20:21:52', '0');
INSERT INTO `sys_role` VALUES ('5', 'users', 'users', '用户角色', '2017-11-21 20:02:46', null, '0');
INSERT INTO `sys_role` VALUES ('7', 'asdasdasd', 'saddas', 'asdasdas', '2017-11-21 20:25:26', null, '0');
INSERT INTO `sys_role` VALUES ('8', 'qwyegiuqw', 'zxcxzczzxc', 'sadasdas', '2017-11-22 19:59:20', null, '0');

-- ----------------------------
-- Table structure for sys_role_menu
-- ----------------------------
DROP TABLE IF EXISTS `sys_role_menu`;
CREATE TABLE `sys_role_menu` (
  `role_id` int(11) NOT NULL COMMENT '角色ID',
  `menu_id` int(11) NOT NULL COMMENT '菜单ID',
  PRIMARY KEY (`role_id`,`menu_id`)
) ENGINE=InnoDB DEFAULT CHARSET=utf8 COMMENT='角色菜单表';

-- ----------------------------
-- Records of sys_role_menu
-- ----------------------------
INSERT INTO `sys_role_menu` VALUES ('1', '1');
INSERT INTO `sys_role_menu` VALUES ('1', '2');
INSERT INTO `sys_role_menu` VALUES ('1', '3');
INSERT INTO `sys_role_menu` VALUES ('1', '4');
INSERT INTO `sys_role_menu` VALUES ('1', '5');
INSERT INTO `sys_role_menu` VALUES ('1', '6');
INSERT INTO `sys_role_menu` VALUES ('1', '21');
INSERT INTO `sys_role_menu` VALUES ('1', '22');
INSERT INTO `sys_role_menu` VALUES ('1', '23');
INSERT INTO `sys_role_menu` VALUES ('1', '24');
INSERT INTO `sys_role_menu` VALUES ('1', '31');
INSERT INTO `sys_role_menu` VALUES ('1', '32');
INSERT INTO `sys_role_menu` VALUES ('1', '33');
INSERT INTO `sys_role_menu` VALUES ('1', '34');
INSERT INTO `sys_role_menu` VALUES ('1', '41');
INSERT INTO `sys_role_menu` VALUES ('1', '42');
INSERT INTO `sys_role_menu` VALUES ('1', '43');
INSERT INTO `sys_role_menu` VALUES ('1', '44');
INSERT INTO `sys_role_menu` VALUES ('1', '51');
INSERT INTO `sys_role_menu` VALUES ('1', '52');
INSERT INTO `sys_role_menu` VALUES ('1', '61');
INSERT INTO `sys_role_menu` VALUES ('1', '62');

-- ----------------------------
-- Table structure for sys_user
-- ----------------------------
DROP TABLE IF EXISTS `sys_user`;
CREATE TABLE `sys_user` (
  `user_id` int(11) NOT NULL AUTO_INCREMENT COMMENT '主键ID',
  `username` varchar(64) COLLATE utf8mb4_bin NOT NULL COMMENT '用户名',
  `password` varchar(255) COLLATE utf8mb4_bin NOT NULL,
  `salt` varchar(255) COLLATE utf8mb4_bin DEFAULT NULL COMMENT '随机盐',
  `introduction` varchar(255) COLLATE utf8mb4_bin DEFAULT NULL COMMENT '简介',
  `avatar` varchar(255) COLLATE utf8mb4_bin DEFAULT NULL COMMENT '头像',
  `create_time` timestamp NULL DEFAULT CURRENT_TIMESTAMP COMMENT '创建时间',
  `update_time` timestamp NULL DEFAULT NULL ON UPDATE CURRENT_TIMESTAMP COMMENT '修改时间',
  `del_flag` char(1) COLLATE utf8mb4_bin DEFAULT '0' COMMENT '0-正常，1-删除',
  PRIMARY KEY (`user_id`),
  UNIQUE KEY `user_idx1_username` (`username`)
) ENGINE=InnoDB AUTO_INCREMENT=7 DEFAULT CHARSET=utf8mb4 COLLATE=utf8mb4_bin COMMENT='用户表';

-- ----------------------------
-- Records of sys_user
-- ----------------------------
INSERT INTO `sys_user` VALUES ('1', 'admin', '$2a$10$UuLWv6yCdBY2PrwYaeMPNe7YvzeQ2cHZGT/g4ZuoeDGTFfE4hmiTa', null, 'sdiuasdsaf', 'https://static.oschina.net/uploads/user/1151/2303656_100.jpg?t=1471420284000', '2017-10-29 15:45:13', '2017-12-04 22:19:57', '0');
INSERT INTO `sys_user` VALUES ('4', 'lengleng', '$2a$10$K8i5X/zDE3pt2CerSGSyj.XFi9SU2Mm3PZnH9vBsEjL1IHaDJ3pI2', null, null, null, '2017-12-04 16:34:24', '2017-12-04 22:33:30', '1');
INSERT INTO `sys_user` VALUES ('6', 'leng', '$2a$10$3hk.uAVmNr370UVrOfJAK.Beh8N4UHx7btdGu8EqgItz.kGhMV5xm', null, null, null, '2017-12-04 22:33:46', null, '0');

-- ----------------------------
-- Table structure for sys_user_role
-- ----------------------------
DROP TABLE IF EXISTS `sys_user_role`;
CREATE TABLE `sys_user_role` (
  `user_id` int(11) NOT NULL COMMENT '用户ID',
  `role_id` int(11) NOT NULL COMMENT '角色ID',
  PRIMARY KEY (`user_id`,`role_id`)
) ENGINE=InnoDB DEFAULT CHARSET=utf8 COMMENT='用户角色表';

-- ----------------------------
-- Records of sys_user_role
-- ----------------------------
INSERT INTO `sys_user_role` VALUES ('1', '1');
INSERT INTO `sys_user_role` VALUES ('4', '1');
INSERT INTO `sys_user_role` VALUES ('6', '1');
